6,Like Nastya,http://youtube.com/channel/UCJplp5SjeGSdVdwsfb9Q7lQ,Like Nastya,Toys,97.5M,,9.3M,52.6K,'N/A'
7,WWEFanNation,http://youtube.com/channel/UCJ5v_MCY6GNUBTO8-D3XoAg,WWE,Video games,89.4M,United States,202.3K,6.6K,307
10,5-Minute Crafts,http://youtube.com/channel/UC295-Dw_tDNtZXFeAPAW6Aw,5-Minute Crafts,,77.1M,India,190K,1.8K,84
11,GoldminesTelefilms,http://youtube.com/channel/UCyoXW-Dse7fURq30EWl_CUA,Goldmines,,72.1M,India,31.1K,403,21
14,BANGTANTV,http://youtube.com/channel/UCLkAepWjdylmXSltofFvsYQ,BANGTANTV,Music & Dance,69.3M,India,4.8M,766.3K,8.4K
15,ibighit,http://youtube.com/channel/UC3IZKseVpdzPSBaWxBxundA,HYBE LABELS,Music & Dance,67.5M,United States,492.4K,105.9K,1.7K
16,CanalKondZilla,http://youtube.com/channel/UCffDXn7ycAzwL2LDlbyWOTw,Canal KondZilla,Music & Dance,65.9M,Brazil,40.9K,2.3K,105
17,zeetv,http://youtube.com/channel/UCppHT7SZKKvar4Oc9J4oljQ,Zee TV,,62.7M,India,142.4K,2K,19
21,movieclips,http://youtube.com/channel/UC3gNmTGu-TTbFPpfSs5kNkg,Movieclips,MoviesAnimation,57.4M,United States,18.9K,197,7
22,ChuChu TV Nursery Rhymes & Kids Songs,http://youtube.com/channel/UCBnZ16ahKA2DZ_T5W0FPUXg,ChuChu TV Nursery Rhymes & Kids Songs,Toys,57.2M,,447.2K,5.4K,'N/A'
24,colorstv,http://youtube.com/channel/UC55IWqFLDH1Xp7iu1_xknRA,Colors TV,,54.3M,India,25.7K,498,7
27,aajtaktv,http://youtube.com/channel/UCt4t-jeY85JegMlZ-E5UWtA,Aaj Tak,News & Politics,52.3M,India,9.7K,138,16
28,tipsmusic,http://youtube.com/channel/UCJrDMFOdv1I2k8n9oK_V21w,Tips Official,Music & Dance,52.1M,India,234.5K,2.3K,62
31,ReinoMariaElenaWalsh,http://youtube.com/channel/UCK1i2UviaXLUNrZlAFpw_jA,El Reino Infantil,Music & Dance,51.1M,,293.6K,1.3K,'N/A'
33,yrf,http://youtube.com/channel/UCbTLwN10NoCU4WDzLf1JMOA,YRF,Music & DanceMovies,47.1M,India,250.7K,12.8K,251
34,taylorswift,http://youtube.com/channel/UCqECaJ8Gagnn7YCbPEzWH6g,Taylor Swift,Music & Dance,46.9M,United States,1.8M,162.7K,7.4K
36,Badabun,http://youtube.com/channel/UCYWOjHweP2V-8kGKmmAmQJQ,Badabun,,45.7M,Mexico,4.9K,115,10
37,infobellshindirhymes,http://youtube.com/channel/UC1ciY6kR3yj3kaKZ6R7ewAg,Infobells - Hindi,Education,44.9M,,1.1M,5.7K,'N/A'
38,felipeneto,http://youtube.com/channel/UCV306eHqgo0LvBf3Mh36AHg,Felipe Neto,,44.3M,Brazil,1.2M,128.2K,2.1K
39,whinderssonnunes,http://youtube.com/channel/UC3KQ5GWANYF8lChqjZpXsQw,whinderssonnunes,Music & DanceAnimation,43.8M,Brazil,3.4M,798.8K,26.1K
40,BRIGHT SIDE,http://youtube.com/channel/UC4rlAVgAK0SGk-yTfe48Qpw,BRIGHT SIDE,Animation,43.8M,United States,56.7K,1.4K,107
41,vcsabiavideos,http://youtube.com/channel/UCj0O6W8yDuLg3iraAXKgCrQ,Você Sabia?,,43.2M,Brazil,780.9K,92.7K,1.6K
42,sonymusicindiaVEVO,http://youtube.com/channel/UC3MLnJtqc_phABBriLRhtgQ,SonyMusicIndiaVEVO,Music & Dance,42.4M,India,32.1K,481,39
43,DjWalkzz,http://youtube.com/channel/UCJrOtniJ0-NWz37R30urifQ,Alan Walker,Music & DanceMovies,42.1M,United States,461.8K,28.2K,1.7K
44,Bad Bunny,http://youtube.com/channel/UCmBA_wu8xGg1OfOkfW13Q0Q,Bad Bunny,Music & DanceMovies,41.8M,Mexico,100.5M,1.8M,43.5K
45,Like Nastya Show,http://youtube.com/channel/UCS94J1s6-qc8v7btCdS2pNg,Like Nastya Show,AnimationToys,41.4M,,91.3K,772,'N/A'
48,getmovies,http://youtube.com/channel/UClZkHt2kNIgyrTTPnSQV3SA,Get Movies,,40.6M,,81.4K,446,'N/A'
49,ABSCBNOnline,http://youtube.com/channel/UCstEtN0pgOmCf02EdXsGChw,ABS-CBN Entertainment,,40.2M,Philippines,1.8K,27,1
51,LuisitoComunicaa,http://youtube.com/channel/UCECJDeK0MNapZbpaOzxrUPA,Luisito Comunica,,39M,Mexico,4.3M,139.1K,5.1K
52,ShemarooEnt,http://youtube.com/channel/UCF1JIbMUs6uqoZEY1Haw0GQ,Shemaroo,,38.5M,India,204.7K,1.4K,19
57,luccasneto,http://youtube.com/channel/UC_gV70G_Y51LTa3qhu8KiEA,LUCCAS NETO - LUCCAS TOON,MoviesAnimation,37.6M,Brazil,416.3K,11.8K,'N/A'
60,Kimberly Loaiza,http://youtube.com/channel/UCQZfFRohQ7UX-0CdXl-6pwQ,Kimberly Loaiza,Daily vlogs,37M,Mexico,7.9M,489.1K,38.5K
62,WorkpointOfficial,http://youtube.com/channel/UC3ZkCd7XtUREnjjt3cyY_gg,WorkpointOfficial,,36.8M,Thailand,8K,114,5
63,Toys and Colors,http://youtube.com/channel/UCgFXm4TI8htWmCyJ6cVPG_A,Toys and Colors,MoviesToys,36.4M,,2M,4.5K,'N/A'
64,shfa,http://youtube.com/channel/UCwHE1kM1CPJd_pI9FQ0-4dg,shfa,Daily vlogs,35.7M,France,3.1M,53.8K,'N/A'
68,SuperSimpleSongs,http://youtube.com/channel/UCLsooMJoIpl_7ux2jvdPB-Q,Super Simple Songs - Kids Songs,Music & Dance,34.7M,,3.3M,6.9K,'N/A'
69,Masha and The Bear,http://youtube.com/channel/UCu59yAFE8fM0sVNTipR4edw,Masha and The Bear,AnimationToys,34.5M,,1.4M,7.3K,'N/A'
73,Like Nastya ESP,http://youtube.com/channel/UCpEJRZdSpdVZ8vh63T9I2KQ,Like Nastya ESP,,33.4M,,263.6K,924,'N/A'
75,vegetta777,http://youtube.com/channel/UCam8T03EOFBsNdR0thrFHdQ,VEGETTA777,Video games,33.2M,Mexico,303.7K,25.9K,257
78,abpnewstv,http://youtube.com/channel/UCRWFSbif-RFENbBrSiez1DA,ABP NEWS,News & Politics,32.9M,India,4K,45,4
81,UltraHindi,http://youtube.com/channel/UCmL1WlDI8UkXDXCXcBQN9CA,Ultra Bollywood,,32.8M,India,145.1K,1.2K,25
83,NoCopyrightSounds,http://youtube.com/channel/UC_aEa8K-EOJ3D6gOs7HcyNg,NoCopyrightSounds,Music & Dance,32.5M,United States,372.4K,14.6K,1.1K
84,Mikecrack,http://youtube.com/channel/UCqJ5zFEED1hWs0KNQCQuYdQ,Mikecrack,MoviesAnimation,32.3M,Mexico,3.9M,297K,3K
87,tseriesapnapunjab,http://youtube.com/channel/UCcvNYxWXR_5TjVK7cSCdW-g,T-Series Apna Punjab,Music & Dance,32.1M,India,24.8K,906,52
88,KHANDESHI MOVIES,http://youtube.com/channel/UCP84QWij0alw4MvzqzyfOnw,KHANDESHI MOVIES,,31.9M,India,2.2M,20.8K,350
91,cancionesdelagranja,http://youtube.com/channel/UCwpcLKMwiuPg4aqImpGk6Ew,La Granja de Zenón,Music & DanceAnimation,31.3M,,459.2K,2.4K,'N/A'
92,ARY Digital HD,http://youtube.com/channel/UC4JCksJF76g_MdzPVBJoC3Q,ARY Digital HD,,31.1M,Pakistan,7.3K,79,4
95,Luis Fonsi,http://youtube.com/channel/UCxoq-PAQeAdk_zyg8YS0JqA,Luis Fonsi,,30.9M,United States,19.2K,1.5K,49
97,juptube,http://youtube.com/channel/UCBAb_DK4GYZqZR9MFA7y2Xg,Galinha Pintadinha,Music & Dance,30.7M,,20.9M,71.9K,'N/A'
98,MrBean,http://youtube.com/channel/UCkAGrHCLFmlK3H2kd6isipg,Mr Bean,,30.6M,India,178.3K,3.1K,50
101,tseriesoldisgold,http://youtube.com/channel/UCRm96I5kmb_iGFofE5N691w,Bollywood Classics,Music & Dance,30.3M,India,29.6K,534,22
103,AH,http://youtube.com/channel/UCaKLg1ELiX0zTJ6Je3c5esA,AH,Music & DanceMovies,29.9M,Indonesia,736.2K,36.6K,2.4K
108,qzMendShawqz,http://youtube.com/channel/UCAvCL8hyXjSUHKEGuUPr1BA,Shawn Mendes,,29.5M,United States,0,'N/A','N/A'
109,SongsOfIndianCinema,http://youtube.com/channel/UC_A7K2dXFsTMAciGmnNxy-Q,Saregama Music,Music & Dance,29.3M,India,30.5K,814,43
110,BabyBus - Kids Songs and Cartoons,http://youtube.com/channel/UCpYye8D5fFMUPf9nSfgd4bA,BabyBus - Kids Songs and Cartoons,AnimationToys,29.1M,,880.3K,3.5K,'N/A'
111,xoxxxoooxo,http://youtube.com/channel/UC0WP5P-ufpRfjbNrmOWwLBQ,The Weeknd,Music & Dance,28.7M,United States,465K,42.6K,1.9K
112,jacksepticeye,http://youtube.com/channel/UCYzPXprvl5Y-Sf0g4vX-m6g,jacksepticeye,Video games,28.5M,United States,1.8M,117.4K,4.8K
113,UltraRecords,http://youtube.com/channel/UC4rasfm9J-X4jNl9SvXp8xA,Ultra Music,Music & Dance,28.5M,United States,21.1K,821,38
115,Jingle Toons,http://youtube.com/channel/UCK9F8nycURBsR0YlrBsu1Ag,Jingle Toons,,28.2M,India,428.1K,3K,'N/A'
117,toyoraljanahtv,http://youtube.com/channel/UCozAuGJZ5MPoijz8IE_1Gtw,قناة طيور الجنة | toyoraljanahtv,Music & Dance,27.9M,,95.6K,'N/A','N/A'
124,PowerKids,http://youtube.com/channel/UCj-SWZSE0AmotGSQ3apROHw,PowerKids,MoviesAnimation,27.5M,India,184.6K,'N/A','N/A'
126,GMANETWORK,http://youtube.com/channel/UCKL5hAuzgFQsyrsQKgU0Qng,GMANetwork,,27.3M,Philippines,8.3K,134,9
133,MR. INDIAN HACKER,http://youtube.com/channel/UCSiDGb0MnHFGjs4E2WKvShw,MR. INDIAN HACKER,,26.4M,India,3.4M,378.9K,13.5K
135,Bounce Patrol - Kids Songs,http://youtube.com/channel/UC56cowXhoqRWHeqfSJkIQaA,Bounce Patrol - Kids Songs,Music & Dance,26.2M,,202.4K,1.1K,'N/A'
140,AboFlah,http://youtube.com/channel/UCqq5n-Oe-r1EEHI3yvhVJcA,AboFlah,AnimationVideo games,26M,Iraq,4.3M,623.8K,25.2K
143,Vlad và Nikita,http://youtube.com/channel/UCcOMTVILq-yIqtFmOqt-QOg,Vlad và Nikita,MoviesHumor,25.8M,,2.8M,13.7K,'N/A'
146,toycantando,http://youtube.com/channel/UC2xjgvWb9cx5F637XjsUNxw,toycantando,Music & DanceAnimation,25.6M,,135.7K,621,'N/A'
148,LosPolinesios,http://youtube.com/channel/UCs8qka8tfhdc69wzXYdtZ3A,LosPolinesios,Music & DanceMovies,25.6M,Mexico,1.6M,66.5K,3.3K
150,xSkyHeLLxx,http://youtube.com/channel/UChMJkHCD2wdvSO7CMOuLR-w,Renato Garcia,MoviesAnimation,25.4M,Brazil,998.9K,113.7K,1.7K
151,TwiNboTzVids,http://youtube.com/channel/UCwD4x63A9KC7Si2RuSfg-SA,Lucas and Marcus,AnimationHumor,25.1M,United States,936K,28.2K,1.3K
153,jypentertainment,http://youtube.com/channel/UCaO6TYtlC8U5ttz62hTrZgg,JYP Entertainment,Music & Dance,25M,United States,1.8M,218.5K,8.2K
154,nickelodeonjuniorfr,http://youtube.com/channel/UCUe6ZpY6TJ0no8jI4l2iLxw,Nick Jr.,AnimationToys,25M,,87.4K,285,'N/A'
155,beyonce,http://youtube.com/channel/UCuHzBCaKmtaLcRAOoazhCPA,Beyoncé,Music & Dance,24.8M,United States,15.4M,561.7K,57.3K
156,Jess No Limit,http://youtube.com/channel/UCvh1at6xpV1ytYOAzxmqUsA,Jess No Limit,MoviesAnimation,24.8M,Indonesia,329.1K,15.1K,1.2K
157,WatchMojo,http://youtube.com/channel/UCaWd5_7JhbQBe4dknZhsHJg,WatchMojo.com,Movies,24.6M,United States,65.2K,2.1K,268
160,davidguettavevo,http://youtube.com/channel/UC1l7wYrva1qCH-wgqcHaaRg,David Guetta,Music & Dance,24.4M,Brazil,144.5K,7K,286
162,NewOnNetflix,http://youtube.com/channel/UCWOA1ZGywLbqmigxE4Qlvuw,Netflix,MoviesAnimation,24M,United States,370.7K,12.1K,421
163,postmalone,http://youtube.com/channel/UCeLHszkByNZtPKcaVXOCOQQ,Post Malone,Music & Dance,24M,United States,354.8K,15.4K,670
164,James Charles,http://youtube.com/channel/UCucot-Zp428OwkyRm2I7v2Q,James Charles,BeautyFashion,24M,United States,787K,50.3K,1.8K
167,Masha y el Oso,http://youtube.com/channel/UCuSo4gcgxJRf4Bzu43wwVyg,Masha y el Oso,Animation,24M,,985K,5.6K,'N/A'
169,adityacinema,http://youtube.com/channel/UCX_uPA_dGf7wXjuMEaSKLJA,Aditya Movies,,24M,India,16.3K,296,18
170,Goldmines Dishoom,http://youtube.com/channel/UCu7Hg0f3rxqZ6qs-188ZbjQ,Goldmines Dishoom,,23.9M,,32.6K,312,'N/A'
175,ColdplayVEVO,http://youtube.com/channel/UCDPM_n1atn2ijUwHd0NNRQw,Coldplay,Music & Dance,23.4M,United States,43.4K,3.8K,90
181,ABPLIVE,http://youtube.com/channel/UCmphdqZNmqL72WJ2uyiNw5w,ABPLIVE,News & Politics,23.2M,India,2.2K,23,2
182,Mister Max,http://youtube.com/channel/UC_8PAD0Qmi6_gpe77S1Atgg,Mister Max,DIY & Life Hacks,23M,Russia,1.7M,45.4K,719
183,SesameStreet,http://youtube.com/channel/UCoookXUzPciGrEZEXmh4Jjg,Sesame Street,,23M,,167.4K,673,'N/A'
184,EnriqueIglesiasPlay,http://youtube.com/channel/UC-6czyMkxDi8E8akPl0c7_w,Enrique Iglesias,Music & Dance,22.8M,United States,32.5K,3.2K,154
185,JellyYT,http://youtube.com/channel/UC0DZmkupLYwc0yDsfocLh0A,Jelly,Video games,22.8M,United States,194.1K,9.6K,357
187,netdmuzikk,http://youtube.com/channel/UCR5wZcXtOUka8jTA57flzMg,netd müzik,Music & Dance,22.6M,Turkey,13.8K,311,54
190,THECHAINSMOKERS,http://youtube.com/channel/UCq3Ci-h945sbEYXpVlw7rJg,The Chainsmokers,Humor,22.3M,United States,634.7K,18.9K,544
191,onemeeeliondollars,http://youtube.com/channel/UCY1kMZp36IQSyNx_9h4mpCg,Mark Rober,Science & Technology,22.2M,United States,13M,584.7K,19.2K
193,Technical Guruji,http://youtube.com/channel/UCOhHO2ICt0ti9KAh-QHvttQ,Technical Guruji,,22.2M,India,87.1K,6.5K,757
194,Goldmines Bollywood,http://youtube.com/channel/UCOF23vGxkbhN4wl7ROrgXsA,Goldmines Bollywood,,22M,India,21.9K,131,6
195,gmmgrammyofficial,http://youtube.com/channel/UCG9gfnA5UDoLvz-tC9B-HKw,GMM GRAMMY OFFICIAL,Music & Dance,22M,Thailand,3.2K,63,3
199,Like Nastya AE,http://youtube.com/channel/UC3I1iohrGzxep0p8r1Osw3w,Like Nastya AE,,22M,,477.5K,3.5K,'N/A'
200,WB Kids,http://youtube.com/channel/UC9trsD1jCTXXtN3xIOIU8gg,WB Kids,MoviesAnimation,22M,,50.3K,591,'N/A'
204,HumNetwork,http://youtube.com/channel/UCEeEQxm6qc_qaTE7qTV5aLQ,HUM TV,,21.6M,Pakistan,2.2K,16,1
210,Diana and Roma ARA,http://youtube.com/channel/UCtm3DGXkWqAUQZMHl97SVxA,Diana and Roma ARA,,21.4M,,1.6M,10.3K,'N/A'
211,oRugrat,http://youtube.com/channel/UCilwZiBBfI9X6yiZRzWty8Q,FaZe Rug,Video gamesHumor,21.4M,United States,3.3M,112.5K,6.9K
219,SSundee,http://youtube.com/channel/UCke6I9N4KfC968-yRcd5YRg,SSundee,Video games,20.9M,United States,2M,103.8K,3.5K
220,FGTeeV,http://youtube.com/channel/UCC-RHF_77zQdKcA75hr5oTQ,FGTeeV,AnimationVideo games,20.8M,United States,1.4M,17.4K,2.2K
221,Baim Paula,http://youtube.com/channel/UC5xAPCVizxOfnMECMXkal2Q,Baim Paula,Music & DanceMovies,20.8M,Indonesia,912.9K,38.3K,2.5K
225,PrestonPlayz,http://youtube.com/channel/UC70Dib4MvFfT1tU6MqeyHpQ,Preston,AnimationVideo games,20.6M,United States,4M,88.1K,2.4K
226,JakePaulProductions,http://youtube.com/channel/UCcgVECVN4OKV6DH1jLkqmcA,Jake Paul,Fitness,20.4M,United States,1.2M,63.6K,5.1K
227,CharliesVlogs,http://youtube.com/channel/UCwppdrjsBPAZg5_cUwQjfMQ,Charlie Puth,Music & Dance,20.4M,United States,92.3M,5.8M,367.6K
230,DisneyChannelLA,http://youtube.com/channel/UCq3zaHCaZtb3TtNwwz0PK2w,Disney Latinoamérica,,20.4M,,28.9K,282,'N/A'
243,starplus,http://youtube.com/channel/UC-LPIU24bQXVljUXivKEeRQ,StarPlus,,20M,India,237.2K,4.6K,100
245,Brent Rivera,http://youtube.com/channel/UC56D-IHcUvLVFTX_8NpQMXg,Brent Rivera,Video gamesHumor,19.9M,United States,7.5M,531.9K,10.6K
247,Mnet,http://youtube.com/channel/UCbD8EppRX3ZwJSou-TVo90A,Mnet K-POP,Music & DanceAnimation,19.8M,United States,17.3K,1.7K,81
251,D Billions,http://youtube.com/channel/UCi3onjs7UU2Z64i3RrVci-Q,D Billions,,19.6M,,1.1M,1.5K,'N/A'
255,shfa show India,http://youtube.com/channel/UCNvYCW3cMbkWy2g2v4Wb6xw,shfa show India,Daily vlogs,19.4M,,1.7M,13K,'N/A'
256,Vlad and Niki Arabic,http://youtube.com/channel/UCP9MW9ATjUwwulqEYTbp-Mw,Vlad and Niki Arabic,,19.4M,,1.3M,8.1K,'N/A'
257,gottalentglobal,http://youtube.com/channel/UCe_Fx4EZAgKjDz0aQ_Y7hSA,Got Talent Global,,19.4M,United States,132.9K,2.1K,92
258,MrVivekBindra,http://youtube.com/channel/UCR-foyF-C6VuAlwy3KZMkgA,Dr. Vivek Bindra: Motivational Speaker,Education,19.4M,India,399.5K,22.1K,678
259,romeo,http://youtube.com/channel/UCyxbZF7_PK4nLiexj0kkCNg,Romeo Santos,Music & Dance,19.3M,United States,429.8K,11.3K,423
260,MARVEL,http://youtube.com/channel/UCvC4D8onUfXzvjTOM-dBfEA,Marvel Entertainment,MoviesAnimation,19.2M,United States,246.9K,13.8K,536
261,gordonramsay,http://youtube.com/channel/UCIEv3lZ_tNXHzL3ox-_uUGQ,Gordon Ramsay,Food & DrinksHealth & Self Help,19.2M,United States,154.6K,4.7K,307
262,Infinite,http://youtube.com/channel/UC_hSjGOO67A6gIDUcyuv_8A,Infinite,Video gamesHumor,19.2M,United States,1.7M,55.7K,5.3K
263,Troom Troom Es,http://youtube.com/channel/UCu6oyJJ6PlkeNNv6n26ZNyA,Troom Troom Es,,19.2M,Mexico,139.4K,2.6K,36
265,gmapublicaffairs,http://youtube.com/channel/UCj5RwDivLksanrNvkW0FB4w,GMA Public Affairs,News & Politics,19.2M,Philippines,7.4K,101,7
267,fatosdesconhecidos,http://youtube.com/channel/UCbAiIkPobUFy71zlmwVw3jw,Fatos Desconhecidos,Science & Technology,19M,Brazil,167.1K,15.5K,545
269,RobinHoodGamer1,http://youtube.com/channel/UCYtaoJSk9iIrFxx8eZB15ag,Robin Hood Gamer,AnimationVideo games,19M,Brazil,961.4K,77.6K,922
271,NBA,http://youtube.com/channel/UCWJ2lWNubArHWmf3FIHbfcQ,NBA,Sports,19M,United States,76.6K,3K,146
273,Kinder Spielzeug Kanal,http://youtube.com/channel/UCVEDZVtA5NUtjxSXHjtvkag,Kinder Spielzeug Kanal,AnimationToys,19M,,245.4K,1.3K,'N/A'
274,★ Kids Roma Show,http://youtube.com/channel/UCx790OVgpTC1UVBQIqu3gnQ,★ Kids Roma Show,AnimationToys,18.8M,,860.8K,4.9K,'N/A'
275,The ACE Family,http://youtube.com/channel/UCWwWOFsW68TqXE-HZLC3WIA,The ACE Family,Humor,18.8M,United States,1.2M,46.9K,1.7K
277,JimmyKimmelLive,http://youtube.com/channel/UCa6vGFO9ty8v5KZJXQxdhaw,Jimmy Kimmel Live,Movies,18.8M,United States,139.7K,3.8K,289
278,Kurzgesagt,http://youtube.com/channel/UCsXVk37bltHxD1rDPwtNM8Q,Kurzgesagt – In a Nutshell,Education,18.8M,United States,4.9M,340.4K,16.4K
279,Eva Bravo Play,http://youtube.com/channel/UCvYhgH0hXziSz9IyPztzUug,Eva Bravo Play,,18.7M,,414.7K,2.8K,'N/A'
281,BritainsGotTalent09,http://youtube.com/channel/UCUtZaxDF3hD5VK4xRYFBePQ,Britain's Got Talent,Music & DanceMovies,18.6M,United Kingdom,80.4K,1.6K,42
282,TheWillyrex,http://youtube.com/channel/UC4LHNX8d8RqnDX0OezgmCTg,TheWillyrex,,18.6M,Spain,41.5K,2.3K,'N/A'
287,Cardi B,http://youtube.com/channel/UCxMAbVFmxKUVGAll0WVGpFw,Cardi B,Music & Dance,18.4M,United States,517.4K,28.6K,2.7K
290,PinkPanther,http://youtube.com/channel/UCFeUyPY6W8qX8w2o6oSiRmw,Official Pink Panther,MoviesAnimation,18.2M,,674.6K,4.9K,'N/A'
291,Unbox Therapy,http://youtube.com/channel/UCsTcErHg8oDvUnTzoqsYeNw,Unbox Therapy,Science & Technology,18.2M,United States,1.1M,8.4K,1.2K
292,Ninja Kidz TV,http://youtube.com/channel/UCpZ88DWlKW0H_AYDaUZptcw,Ninja Kidz TV,Video games,18.2M,United States,793.9K,18.8K,1.3K
294,CookieSwirlC,http://youtube.com/channel/UCelMeixAOTs2OQAAi9wU8-g,CookieSwirlC,Video games,18.2M,United States,510.5K,3.8K,619
296,kbsworld,http://youtube.com/channel/UC5BMQOsAB8hKUyHu9KI6yig,KBS WORLD TV,,18.2M,Indonesia,8.5K,264,10
300,PDKFilms,http://youtube.com/channel/UC-F6LZSWz34xKknY8NNCzgQ,PDK Films,MoviesAnimation,18M,United States,1.7M,35.9K,1.1K
304,TheOdd1sOut,http://youtube.com/channel/UCo8bcnLyZH8tBIH9V1mLgqQ,TheOdd1sOut,MoviesAnimation,18M,United States,6M,404.5K,24.1K
305,BabyBus - Cerita & Lagu Anak-anak,http://youtube.com/channel/UC5v3gjCQLFeg8eBXO7ShdpQ,BabyBus - Cerita & Lagu Anak-anak,MoviesHumor,18M,,292.7K,1.4K,'N/A'
306,ElTrollino,http://youtube.com/channel/UCI2FmVp--YL8d7iVFt8mmxg,ElTrollino,AnimationVideo games,18M,Mexico,3M,95.6K,2.1K
309,Emiway Bantai,http://youtube.com/channel/UCHmk8iNJHvf5mGN6_pkPc7g,Emiway Bantai,Music & Dance,17.8M,India,6.2M,499.5K,93.7K
311,invictorgs3,http://youtube.com/channel/UChOQkbLHWi3zSCUjT7Kjd1g,invictor,AnimationVideo games,17.8M,Mexico,1.3M,56.7K,993
312,The Royalty Family,http://youtube.com/channel/UCja7QUMRG9AD8X2F_vXFb9A,The Royalty Family,Humor,17.8M,United States,3.4M,110.7K,'N/A'
314,rhettandlink2,http://youtube.com/channel/UC4PooiX37Pld1T8J5SYT-SQ,Good Mythical Morning,Food & Drinks,17.8M,United States,1.1M,34.2K,1.3K
316,Lil Pump,http://youtube.com/channel/UC6pjHMC4QXMi4llCCjtDXWg,Lil Pump,Music & Dance,17.8M,United States,770.6K,41.3K,3.6K
318,TheElenaYa,http://youtube.com/channel/UCl_P0sCqxOdQpMwuajdXkRg,Diana and Roma EN,AnimationToys,17.8M,,474K,2.4K,'N/A'
320,dj47maryn,http://youtube.com/channel/UCf31Gf5nCU8J6eUlr7QSU0w,Marmok,AnimationVideo games,17.6M,Russia,3.5M,335.7K,14K
321,Vania Mania Kids,http://youtube.com/channel/UCLbyJSPEe2lx3jY-G0CFR3g,Vania Mania Kids,AnimationToys,17.6M,,722.8K,1.9K,'N/A'
324,SockeyeMedia,http://youtube.com/channel/UC6zPzUJo8hu-5TzUk8IEC2Q,Mother Goose Club Playhouse,Music & Dance,17.6M,,76.6K,164,'N/A'
326,rsiammusic,http://youtube.com/channel/UCLcCpNY-zaL3vEERD5rh5Ew,RsiamMusic : อาร์สยาม,Music & Dance,17.5M,Thailand,9.2K,216,12
328,Little Angel Español - Canciones Infantiles,http://youtube.com/channel/UCTdRly9T3iyCJFjmRoCaepQ,Little Angel Español - Canciones Infantiles,Animation,17.5M,,624.2K,3.7K,'N/A'
329,ThePoznavatel,http://youtube.com/channel/UCXTMoE1XgvxN4iCt5-gZzCw,Познаватель,ToysDIY & Life Hacks,17.5M,Russia,3.8M,57.7K,2.6K
330,Stubborn Facts,http://youtube.com/channel/UCJZ5gFXzSZ9i-R1HEnS8U_A,Stubborn Facts,,17.3M,India,44.9K,2.5K,95
331,portadosfundos,http://youtube.com/channel/UCEWHPFNilsT0IfQfutVzsag,Porta dos Fundos,MoviesAnimation,17.3M,Brazil,745.7K,78.6K,1.5K
333,RobleisIUTU,http://youtube.com/channel/UCG8eSYvOQUpb9HM8zU5d6xg,RobleisIUTU,MoviesAnimation,17.3M,Argentina,935.6K,55K,1.1K
335,officialpsy,http://youtube.com/channel/UCrDkAvwZum-UTjHmzDI2iIw,officialpsy,Music & Dance,17.3M,United States,282K,14.4K,566
336,etvteluguindia,http://youtube.com/channel/UCSs9H1cyB3OHdy8wkit8ZKg,etvteluguindia,,17.2M,India,13.4K,148,2
337,Village Cooking Channel,http://youtube.com/channel/UCk3JZr7eS3pg5AGEvBdEvFg,Village Cooking Channel,,17.2M,India,3.9M,172.3K,3.9K
338,aMOODIEsqueezie,http://youtube.com/channel/UCWeg2Pkate69NFdBeuRFTAw,SQUEEZIE,,17.1M,France,5.9M,476K,8.1K
339,Willyrex,http://youtube.com/channel/UC8rNKrqBxJqL9izOOMxBJtw,Willyrex,Video games,17.1M,Mexico,142.8K,8.9K,118
340,TEDEducation,http://youtube.com/channel/UCsooa4yRKGN_zEE8iknghZA,TED-Ed,Science & Technology,17.1M,United States,338.6K,15.1K,710
343,Gaby and Alex,http://youtube.com/channel/UCHwBjRoGO1V-H8QYXjSVHkQ,Gaby and Alex,Toys,17.1M,,310.1K,382,'N/A'
344,HowToBasic,http://youtube.com/channel/UCR4s1DE9J4DHzZYXMltSMAg,HowToBasic,Food & Drinks,17.1M,United States,679.8K,45.9K,3.5K
348,aynakoitsroi,http://youtube.com/channel/UCMNmwqCtCSpftrbvR3KkHDA,Guava Juice,,16.9M,United States,201.7K,3.8K,141
350,Kiddiestv Hindi - Nursery Rhymes & Kids Songs,http://youtube.com/channel/UCvEAgG7WzPZnZkf9iOV_YCg,Kiddiestv Hindi - Nursery Rhymes & Kids Songs,Education,16.9M,,36.1K,211,'N/A'
351,ArabGamesNetwork,http://youtube.com/channel/UCV2JkEBmtfSYGAIlprAhAyQ,شبكة العاب العرب | Arab Games Network,,16.9M,Algeria,289K,24.8K,1K
353,IGNentertainment,http://youtube.com/channel/UCKy1dAqELo0zrOtPkf0eTMw,IGN,,16.7M,United States,58.1K,1.4K,160
354,Rafa & Luiz,http://youtube.com/channel/UC6paX0kLA8D81aYogceMufw,Rafa & Luiz,Video games,16.7M,Brazil,553K,34.5K,856
356,Jane ASMR 제인,http://youtube.com/channel/UC2fsxQr6Hcx1enORxXgKpxQ,Jane ASMR 제인,Daily vlogs,16.7M,United States,381K,7K,378
357,हिंदी - Genevieve's Playhouse,http://youtube.com/channel/UCJhSN5ic1QXn1doXzdiiCGQ,हिंदी - Genevieve's Playhouse,Education,16.7M,,2M,16.2K,'N/A'
364,Junya Official Channel,http://youtube.com/channel/UCjp_3PEaOau_nT_3vnqKIvg,Junya Official Channel,,16.4M,Japan,399K,2.3K,37
365,monstafluffmusicTV,http://youtube.com/channel/UCNqFDjYTexJDET3rPDrmJKg,7clouds,Music & Dance,16.3M,United States,131.5K,2.4K,142
367,DUDU e CAROL,http://youtube.com/channel/UC371icpvZj2oQaocL0i9L-g,DUDU e CAROL,,16.3M,Brazil,1.4M,153.5K,3.2K
373,Sandra Cires Art,http://youtube.com/channel/UCYM02HkL0C3V1hAzw0HUXUw,Sandra Cires Art,,16.1M,Colombia,1.1M,69.7K,4.1K
375,Dhar Mann,http://youtube.com/channel/UC_hK9fOxyy_TM8FJGXIyG8Q,Dhar Mann,Health & Self Help,16.1M,United States,5.9M,121.4K,6.7K
378,lescopaque,http://youtube.com/channel/UCR1c65UsjpaVgcLKa7eM1tg,Les' Copaque Production,,16.1M,Indonesia,27.9K,400,48
379,MatthewPatrick13,http://youtube.com/channel/UCo_IB5145EVNcf8hw1Kku7w,The Game Theorists,Science & Technology,16M,United States,1.9M,113.1K,6.6K
381,TRANSTVofficial,http://youtube.com/channel/UCIohHXwCEKxWCLvAguJ-GjA,TRANS TV Official,Music & Dance,15.9M,Indonesia,970,13,1
383,Blippi - Educational Videos for Kids,http://youtube.com/channel/UC5PYHgAzJ1wLEidB58SK6Xw,Blippi - Educational Videos for Kids,EducationToys,15.9M,,1.6M,5.1K,'N/A'
389,marquesbrownlee,http://youtube.com/channel/UCBJycsmduvYEL83R_U4JriQ,Marques Brownlee,Science & Technology,15.9M,United States,2M,93.7K,5.4K
394,Sony AATH,http://youtube.com/channel/UCBz9qbqujcjIavFmBJW2oZw,Sony AATH,,15.7M,Bangladesh,93.9K,1.2K,52
395,rkddigital,http://youtube.com/channel/UCjBwQ6M9QyCgO5Pp-TQRFUA,RKD Studios,,15.7M,India,62.3K,914,32
396,movieclipsTRAILERS,http://youtube.com/channel/UCi8e0iOVk1fEOogdfu4YgfA,Movieclips Trailers,MoviesAnimation,15.7M,United States,61.2K,1K,82
398,MegatoadStonie,http://youtube.com/channel/UCd1fLoVFooPeWqCEYVUJZqg,Matt Stonie,Food & Drinks,15.7M,United States,2.1M,122.5K,1.2K
399,Zappy Toons - Hindi Nursery Rhymes and Stories,http://youtube.com/channel/UCcryiZdagSR9M-Oii_Y4OfQ,Zappy Toons - Hindi Nursery Rhymes and Stories,Education,15.7M,,131.1K,707,'N/A'
400,PitbullMusic,http://youtube.com/channel/UCv8nzwVPQDRjkPCkEsOdEwA,Pitbull,Music & Dance,15.7M,United States,82.9K,4.1K,285
401,Ivana Alawi,http://youtube.com/channel/UCypeLkg3Ne5-LIyiB41b1GQ,Ivana Alawi,Daily vlogs,15.7M,Philippines,4.3M,203.8K,6.6K
402,indiancomedy,http://youtube.com/channel/UC0PKLLmL8pIJLjOI1gBH_pA,Shemaroo Comedy,,15.7M,India,72.6K,781,22
403,AMARINTV : อมรินทร์ทีวี,http://youtube.com/channel/UCzMoibQRslh_1bTuW0YXc6A,AMARINTV : อมรินทร์ทีวี,News & Politics,15.7M,Thailand,9.3K,118,11
406,Katie Angel,http://youtube.com/channel/UCgSMDG8aGE3YHfBCXHuPpYA,Katie Angel,,15.6M,Mexico,708.6K,65.3K,201
410,AdMe,http://youtube.com/channel/UCuVpbMt4yu4I9eAey3khnGg,AdMe,Animation,15.5M,Russia,32.7K,1.2K,62
413,OGatoGalactico,http://youtube.com/channel/UCbt4SegZBQLeXMTMvnrfZtw,Gato Galactico | GALÁXIA,Animation,15.4M,Brazil,90.8K,4K,98
414,Sidhu Moose Wala,http://youtube.com/channel/UC9ChdqQRCaZmTCwSJ49tcbw,Sidhu Moose Wala,Music & Dance,15.4M,India,33.8M,3.5M,1.7M
415,portalfitdance,http://youtube.com/channel/UCl_AQeO6ynSDRSjclc1e16Q,FitDance,Music & Dance,15.3M,,30.8K,993,13
416,wifistudy,http://youtube.com/channel/UCuWuAvEnKWez5BUr29VpwqA,wifistudy,Education,15.3M,India,7.7K,533,11
419,RCTI - LAYAR DRAMA INDONESIA,http://youtube.com/channel/UCzTsWuCdVP_vehWyGwPcS3Q,RCTI - LAYAR DRAMA INDONESIA,Music & DanceMovies,15.3M,Indonesia,24.7K,394,24
420,CamiloMusicaVideo,http://youtube.com/channel/UCw0aKHSGFGyrnMeVnHeYMyw,Camilo,Music & Dance,15.3M,Colombia,161.7K,9K,126
421,News24page,http://youtube.com/channel/UCuzS3rPQAYqHcLWqOFuY0pw,News24,News & Politics,15.3M,India,6.9K,106,9
424,LOKESH GAMER,http://youtube.com/channel/UCdQPeeJ0qGK6wWBiEJWcdsQ,LOKESH GAMER,,15.1M,India,510.2K,53.5K,2.5K
426,SriBalajiMovies,http://youtube.com/channel/UCoy3dQzEdq1y2zMnT4pdj3Q,SriBalajiMovies,,15.1M,India,8.1K,74,2
427,With Kids[위드키즈],http://youtube.com/channel/UC6ye474SJCiPsEPueO_b3Gw,With Kids[위드키즈],,15.1M,United States,172.4K,'N/A','N/A'
428,T3DDYgames,http://youtube.com/channel/UC5mZsx_OVnc4XmG9rWU2p3A,T3ddy,Daily vlogs,15.1M,Brazil,854.5K,92.5K,2.6K
429,حِرف إبداعية في 5 دقائق,http://youtube.com/channel/UCy7QvWo7uV_AcoLJL5RIwkQ,حِرف إبداعية في 5 دقائق,,15.1M,Egypt,37.8K,483,24
432,makeuplocalypse,http://youtube.com/channel/UCSyoRFkB5xkaa3ScUcBaETw,Mariale,,15M,Mexico,226K,10.7K,293
433,ranziscool,http://youtube.com/channel/UCdAt_KUKt0g9ZRQ7gwKaN3A,Ranz Kyle,Humor,14.9M,Philippines,647.5K,25.7K,706
435,5-Minute Crafts FAMILY,http://youtube.com/channel/UC63mNFJR8EAb8wAIJwoCmTA,5-Minute Crafts FAMILY,,14.9M,United States,21.7K,232,9
436,popskids,http://youtube.com/channel/UC5ezaYrzZpyItPSRG27MLpg,POPS Kids,Animation,14.9M,Indonesia,2.3K,15,'N/A'
438,Like Nastya IDN,http://youtube.com/channel/UCui_SuV6CzSgB1bdwL5utzg,Like Nastya IDN,Music & DanceMovies,14.9M,,111.2K,'N/A','N/A'
440,bbtvch7,http://youtube.com/channel/UCXUVnTEsLZBim_WlWxBvEwA,Ch7HD,,14.9M,Thailand,10.6K,181,2
442,hejproducao,http://youtube.com/channel/UCfLTxnQboSLcoSakgONmukQ,Henrique e Juliano,Music & Dance,14.9M,Brazil,60.8K,2.7K,37
443,RiotGamesInc,http://youtube.com/channel/UC2t5bjwHdUX4vM2g8TRDq5g,League of Legends,MoviesAnimation,14.9M,United States,539.1K,24.6K,1.1K
445,LEGO,http://youtube.com/channel/UCP-Ng5SXUEt0VE-TXqRdL6g,LEGO,Animation,14.9M,United States,25.9K,433,'N/A'
446,Dave and Ava - Nursery Rhymes and Baby Songs,http://youtube.com/channel/UC6zhI71atP7YLoZyIyCIGNw,Dave and Ava - Nursery Rhymes and Baby Songs,Education,14.9M,,269K,1.1K,'N/A'
447,Lachlan,http://youtube.com/channel/UCh7EqOZt7EvO2osuKbIlpGg,Lachlan,Video games,14.9M,United States,667.3K,27.9K,1.1K
448,La Rosa de Guadalupe,http://youtube.com/channel/UCGs30k8MveMERD3askAgNYA,La Rosa de Guadalupe,,14.7M,Mexico,17.7K,446,10
449,Niana Guerrero,http://youtube.com/channel/UCLysbxhOO_JPOPgcsPCMb8w,Niana Guerrero,Music & DanceHumor,14.7M,Philippines,478.2K,18.9K,547
453,Like Nastya VNM,http://youtube.com/channel/UClK8w-hLJlhR6fL5_xQg_VA,Like Nastya VNM,,14.7M,,484.6K,'N/A','N/A'
454,LinusTechTips,http://youtube.com/channel/UCXuqSBlHAE6Xw-yeJA0Tunw,Linus Tech Tips,Science & Technology,14.7M,United States,1.4M,60.8K,3.1K
455,iTownGamePlay,http://youtube.com/channel/UCKmlxQVs0vHtaLldRIQ8lsA,iTownGamePlay *Terror&Diversión*,News & Politics,14.7M,Mexico,342.2K,11.8K,538
457,majorlazer,http://youtube.com/channel/UCMJ5Qf3sOvQpcYiai1Noa3Q,Major Lazer Official,Music & DanceMovies,14.7M,United States,0,'N/A','N/A'
458,mkmusicnews,http://youtube.com/channel/UCbVwJCxsVbmaP1PFmbGQDeQ,MK MUSIC,Music & Dance,14.7M,Brazil,27K,1.3K,79
459,LEGENDA FUNK,http://youtube.com/channel/UCgO5cJ4sL1um054gGYusjiA,LEGENDA FUNK,Music & DanceAnimation,14.7M,Brazil,7K,371,11
464,Daftar Populer,http://youtube.com/channel/UCQW2tTNJ40V2T6MqV1eMZ0w,Daftar Populer,News & Politics,14.5M,Indonesia,96.6K,2.3K,221
465,ndtvindia,http://youtube.com/channel/UC9CYT9gSNLevX5ey2_6CK0Q,NDTV India,News & Politics,14.5M,India,18.7K,477,58
466,FueledByRamen,http://youtube.com/channel/UClVrJwcIy7saPcGc1nct80A,Fueled By Ramen,,14.5M,United States,575.5K,17.8K,562
471,Drawblogs,http://youtube.com/channel/UCkuPobJMx7DPUdwlVo1TFfA,Drawblogs,MoviesAnimation,14.5M,Mexico,160.6K,3.9K,141
472,collegehumor,http://youtube.com/channel/UCPDXXXJj9nax0fr0Wfc048g,CollegeHumor,MoviesHumor,14.5M,United States,628.7K,35.1K,1.1K
473,Canal Nostalgia,http://youtube.com/channel/UCH2VZQBLFTOp6I_qgnBJCuQ,Canal Nostalgia,Science & Technology,14.5M,,358.5K,98.5K,875
474,MonsieurDream,http://youtube.com/channel/UCyWqModMQlbIo8274Wh_ZsQ,Cyprien,MoviesAnimation,14.5M,France,2.3M,215K,11.2K
475,chadwildclay,http://youtube.com/channel/UCwaNuezahYT3BOjfXsne2mg,Chad Wild Clay,MoviesHumor,14.5M,United States,2.1M,40.7K,6.3K
476,theslowmoguys,http://youtube.com/channel/UCUK0HBIBWgM2c4vsPhkYY4w,The Slow Mo Guys,,14.5M,United States,1.2M,62.2K,2.7K
478,Super Polina,http://youtube.com/channel/UCE76CBkDX591pxzps6bySOw,Super Polina,,14.5M,Russia,9.1K,74,'N/A'
479,bbchindi,http://youtube.com/channel/UCN7B-QD0Qgn2boVH5Q0pOWg,BBC News Hindi,News & Politics,14.4M,India,162.2K,'N/A',345
480,Johny FamilyShow,http://youtube.com/channel/UCq8KR1lnewd5ZPx9_XKoubg,Johny FamilyShow,Music & DanceToys,14.3M,,78.2K,341,'N/A'
483,News18 India,http://youtube.com/channel/UCPP3etACgdUWvizcES1dJ8Q,News18 India,News & Politics,14.3M,India,6K,82,5
484,MartinGarrix,http://youtube.com/channel/UC5H_KXkPbEsGs0tFt8R35mA,Martin Garrix,Music & Dance,14.3M,United States,46.4K,1.8K,97
486,BollywoodClassics,http://youtube.com/channel/UCZ_OLiS7DkyCg89eV_qQMoQ,Bollywood Classics,Music & Dance,14.3M,India,10.8K,182,8
487,And TV,http://youtube.com/channel/UCxJcrDUc8awRSLzLbnIiAmQ,And TV,,14.3M,India,895,21,'N/A'
488,TeamFilmsBhojpuri,http://youtube.com/channel/UCB4SvelHl4qjFSNYfxhp-SQ,Team Films Bhojpuri,Music & DanceMovies,14.3M,India,21.2K,476,55
489,elcanaldePlimPlim,http://youtube.com/channel/UCYQo8CdhXD22qfwUBUw591Q,Plim Plim - Kids Songs & Episodes - Spanish ,Music & Dance,14.3M,,399.9K,3.7K,'N/A'
491,Genierock,http://youtube.com/channel/UCs2t9DlvAuyTBkvk2djGZKw,Genierock,Music & Dance,14.3M,Thailand,51.2K,918,57
492,PlayStation,http://youtube.com/channel/UC-2Y8dQb0S6DtpxNgAKoJKA,PlayStation,,14.3M,United States,35.4K,1.1K,82
493,Gyan Gamingㅤ,http://youtube.com/channel/UChXi_PlJkRMPYFQBOJ3MpxA,Gyan Gamingㅤ,,14.3M,India,390.3K,42.4K,840
494,OfficialTrapCity,http://youtube.com/channel/UC65afEgL62PGFWXY7n6CUbA,Trap City,Music & Dance,14.3M,United States,31.7K,1.7K,72
496,Technoblade,http://youtube.com/channel/UCFAiFyGs6oDiF1Nf-rRJpZA,Technoblade,Video games,14.2M,United States,67.5M,7.6M,1.3M
497,Zach King,http://youtube.com/channel/UCq8DICunczvLuJJq414110A,Zach King,MoviesHumor,14.1M,United States,475.9K,29K,849
499,Dangal TV Channel,http://youtube.com/channel/UCNzmmbXIbMzlqE8nD1PBXfg,Dangal TV Channel,,14.1M,India,43.2K,354,5
500,TWICE,http://youtube.com/channel/UCzgxx_DM2Dcb9Y1spb9mUJA,TWICE,Music & DanceMovies,14.1M,Philippines,1.2M,95.5K,819
502,inventonahoratv,http://youtube.com/channel/UCR3vcUrhFUdzagng58ueI2w,Invento na Hora,AnimationHumor,14.1M,Brazil,1.1M,134.3K,1.9K
504,Wow Kidz Action,http://youtube.com/channel/UCCyKsYaRi62axS-kasXW7wA,Wow Kidz Action,,14.1M,,117.5K,1.2K,'N/A'
505,pognalishow,http://youtube.com/channel/UCwipTluVS2mjuhPtx2WU7eQ,Дима Масленников,Video games,14.1M,Russia,4.5M,402K,13.1K
507,CNN,http://youtube.com/channel/UCupvZG-5ko_eiXAupbDfxWw,CNN,Music & DanceAnimation,14.1M,United States,203.6K,3.3K,3.3K
509,MasterskayaNastroeny,http://youtube.com/channel/UCRW3VLiVep5Ud4Ovhj2eUyA,Мастерская Настроения,MoviesVideo games,14.1M,Russia,323.5K,8.1K,150
512,TheABSCBNNews,http://youtube.com/channel/UCE2606prvXQc_noEqKxVJXA,ABS-CBN News,News & Politics,13.9M,Philippines,4.3K,44,4
513,Daily Dose Of Internet,http://youtube.com/channel/UCdC0An4ZPNr_YiFiYoVbwaw,Daily Dose Of Internet,Animals & Pets,13.9M,United States,5.9M,273.8K,8.9K
514,Unspeakable,http://youtube.com/channel/UCwIWAbIeu0xI0ReKWOcw3eg,Unspeakable,Video gamesHumor,13.9M,United States,6.5M,86.4K,6.3K
516,Doc Tops,http://youtube.com/channel/UCAolsolgHiURrQBuZ4qe0lg,Doc Tops,Animation,13.9M,Mexico,793.5K,36.3K,529
517,AM3NlC,http://youtube.com/channel/UCrGnb5RdHA9M6WGmBGYo4ZQ,AM3NlC,Food & Drinks,13.9M,Brazil,210.2K,24.6K,362
521,DM - Desi Melodies,http://youtube.com/channel/UC783dnzJqf2ghHp_pFLYbGA,DM - Desi Melodies,Music & Dance,13.9M,India,316.1K,5.7K,136
525,Трум Трум,http://youtube.com/channel/UCq1JpGFxcZTbbOAz010U-og,Трум Трум,HumorToys,13.9M,,468.2K,6K,114
526,Fun For Kids TV - Hindi Rhymes,http://youtube.com/channel/UCe3GjNY3Kqi8Xd6nT4JN_6w,Fun For Kids TV - Hindi Rhymes,,13.8M,,239.6K,1.4K,'N/A'
528,Kuplinov ► Play,http://youtube.com/channel/UCdKuE7a2QZeHPhDntXVZ91w,Kuplinov ► Play,Video games,13.7M,Russia,1.9M,147.5K,3.7K
529,ChallengeAcceptedInc,http://youtube.com/channel/UCzYfz8uibvnB7Yc1LjePi4g,Aphmau,AnimationVideo games,13.7M,United States,3.6M,76.9K,4.4K
530,dangmattsmith,http://youtube.com/channel/UCe56RtxwepRSyZ-b--SedOw,Dang Matt Smith,AnimationHumor,13.7M,,219K,6.5K,430
531,WWWengie,http://youtube.com/channel/UCD9PZYV5heAevh9vrsYmt1g,Wengie,DIY & Life Hacks,13.7M,United States,67K,3.8K,107
533,vetealaversha,http://youtube.com/channel/UCmyIMuo8zRYgLshDff0vLuw,Darkar Company Studios,AnimationVideo games,13.7M,Mexico,0,'N/A','N/A'
535,MAIKI021,http://youtube.com/channel/UCXhDFaOPG2zhiYm9eXuMKkA,MAIKI021,MoviesAnimation,13.7M,Brazil,19.6K,3.3K,96
536,Blippi Español,http://youtube.com/channel/UC4YImPQT-_0kCh5joATwyhw,Blippi Español,ToysEducation,13.7M,,370.6K,1.8K,'N/A'
537,LIV Crime,http://youtube.com/channel/UCzXpAx4v6rFLYXkJZ5nmSvQ,LIV Crime,Daily vlogs,13.7M,India,316.7K,3.1K,84
538,NOBRU,http://youtube.com/channel/UCqWmLengIKFXRjuL1YyXNSg,NOBRU,Video gamesToys,13.7M,Brazil,359.7K,40K,358
539,RosannaPansino,http://youtube.com/channel/UCjwmbv6NE4mOh8Z8VhPUx1Q,Rosanna Pansino,DIY & Life Hacks,13.7M,United States,1.5M,28.9K,447
540,TazerCraft,http://youtube.com/channel/UCjBO43ykxlSs3j7F7EXcBUQ,TazerCraft,MoviesAnimation,13.7M,Brazil,451.2K,33.3K,710
541,Auron,http://youtube.com/channel/UCFR2oaNj02WnXkOgLH0iqOA,Auron,Video games,13.7M,Mexico,1.6M,107.5K,1.8K
542,MNCTVOfficial,http://youtube.com/channel/UC34xi8JB1AKSotPUKHywbaA,MNCTV OFFICIAL ,Music & Dance,13.7M,Indonesia,5.5K,119,5
544,The World Adventures हिन्दी,http://youtube.com/channel/UCr8EWTz_8ljPyE27CiSbsGw,The World Adventures हिन्दी,Daily vlogs,13.5M,,24.8K,1.3K,41
547,crashcourse,http://youtube.com/channel/UCX6b17PVsYBQ0ip5gyeme-Q,CrashCourse,Science & Technology,13.5M,United States,27.6K,1.3K,34
548,gmmchannel,http://youtube.com/channel/UCTP5z0kFg6-nPcZ79gTC67Q,GMM25Thailand,,13.5M,Thailand,2.9K,36,1
552,Zig & Sharko,http://youtube.com/channel/UCcKJJuOe2tOqgrKw0Gks-sw,Zig & Sharko,,13.5M,,208K,1.6K,'N/A'
557,ZEE5,http://youtube.com/channel/UCXOgAl4w-FQero1ERbGHpXQ,ZEE5,,13.3M,India,1.5K,21,1
558,H2ODelirious,http://youtube.com/channel/UCClNRixXlagwAd--5MwJKCw,H2ODelirious,AnimationVideo games,13.3M,United States,137.8K,8.3K,251
559,GallinaPintadita,http://youtube.com/channel/UCKdEsgHiM0SulsFXm7QMJAg,Gallina Pintadita,Animation,13.3M,,870.5K,3.1K,'N/A'
560,Aadishakti Films,http://youtube.com/channel/UC1Ekm042kfOFJyKaTIYOVIA,Aadishakti Films,Music & Dance,13.3M,,35.4K,900,107
561,Narins Beauty,http://youtube.com/channel/UCWXYdNyGX01rnTB-tQci8JQ,Narins Beauty,,13.3M,Iraq,2.4M,202.3K,9.3K
562,FAPtivi,http://youtube.com/channel/UC0jDoh3tVXCaqJ6oTve8ebA,FAPTV,AnimationHumor,13.3M,United States,1.4M,20.7K,353
563,Kim Loaiza,http://youtube.com/channel/UCgmUtgxaeaT6CSHc70AQMEg,Kim Loaiza,Music & Dance,13.3M,Mexico,19M,979.1K,67.1K
567,5-Minute Crafts Recycle,http://youtube.com/channel/UCCLVg6BI7NxDIp6GFKfFGFw,5-Minute Crafts Recycle,,13.3M,India,56.5K,476,13
568,AtlanticVideos,http://youtube.com/channel/UCe4LM_eKc9ywRmVuBm5pjQg,Atlantic Records,Music & Dance,13.3M,United States,0,'N/A','N/A'
570,MY FAMILY,http://youtube.com/channel/UC4B6dDVB0Umrh5l4UgxUtyg,MY FAMILY,,13.3M,India,9.4M,41.7K,393
571,iloveindianmakeup,http://youtube.com/channel/UCuN4A3GCUq5-0wJDSiJoxRQ,Anaysa,MoviesHumor,13.3M,India,535.1K,21.4K,1K
572,Jake Fellman,http://youtube.com/channel/UCEnqwW6f7bYidXHAI13hhMA,Jake Fellman,,13.3M,United States,589.6K,26.6K,101
575,Matheus Yurley,http://youtube.com/channel/UC-4kjzuh4822B9yPSgpZQgA,Matheus Yurley,,13.1M,Brazil,58K,8.1K,810
576,theRadBrad,http://youtube.com/channel/UCpqXJOEqGS-TCnazcHCo0rA,theRadBrad,Video games,13.1M,United States,189.5K,10.4K,565
579,Vlad and Niki ARA,http://youtube.com/channel/UCoxoYSL3rFXB7JSELiI5V1w,Vlad and Niki ARA,,13.1M,,443K,3.5K,'N/A'
581,Busy Fun Ltd,http://youtube.com/channel/UCkKDpnzIG29MA--Sh6oOtWg,Busy Fun Ltd,,13.1M,India,9.1M,40.5K,581
582,Desi Gamers,http://youtube.com/channel/UCuApqv2tNQ73S7gcfrfCSDw,Desi Gamers,,13.1M,India,564.3K,85.5K,3.2K
583,123 GO! Spanish,http://youtube.com/channel/UCYtt2TP3sqR9_qXnc1G4eRA,123 GO! Spanish,Animation,13.1M,Mexico,319.9K,4.3K,87
585,SRKASSAMESE,http://youtube.com/channel/UCAH1Aw-mXgcB3t8uaqW4yTA,SRK MUSIC,Music & Dance,13.1M,India,45.1K,1.8K,83
587,djzoi0,http://youtube.com/channel/UChPa3fnlI3RKuzEbeEPKRFw,Everson Zoio,MoviesAnimation,12.9M,Brazil,256.6K,36.5K,3.1K
588,ETV Jabardasth,http://youtube.com/channel/UCnoqvTW4YZExfDeq7_Wmd-w,ETV Jabardasth,,12.9M,India,112.1K,2.1K,35
589,Zhong,http://youtube.com/channel/UCyagEfIN1okQ-s996XAqCFQ,Zhong,,12.9M,United States,3.8M,215.5K,2.1K
591,PozzitifonShow,http://youtube.com/channel/UCuZeiI5pdpgqDojXZujoYgg,Поззи,Video games,12.9M,Russia,732.1K,34.5K,1.9K
592,DALLMYD,http://youtube.com/channel/UCI4fHQkguBNW3SwTqmehzjw,DALLMYD,Mystery,12.9M,United States,375K,17.1K,983
593,MrSuicideSheep,http://youtube.com/channel/UC5nc_ZtjKW1htCVZVRxlQAQ,MrSuicideSheep,,12.9M,United States,77K,3.6K,75
594,JDCav24,http://youtube.com/channel/UCe0TLA0EsQbE-MjuHXevj2A,ATHLEAN-X™,FitnessHealth & Self Help,12.9M,United States,307.5K,15.3K,760
595,NishaMadhulika,http://youtube.com/channel/UCgoxyzvouZM-tCgsYzrYtyg,NishaMadhulika,Food & Drinks,12.9M,India,162.1K,4.2K,686
598,typicalgamer,http://youtube.com/channel/UC2wKfjlioOCLP4xQMOWNcgg,Typical Gamer,Video games,12.9M,United States,489.9K,12.4K,355
599,Alex Gonzaga Official,http://youtube.com/channel/UC6N-9Wh0DYhDI8sQS7jwjVA,Alex Gonzaga Official,Music & DanceHumor,12.9M,Philippines,2.8M,111K,2.1K
602,Zeinab Harake,http://youtube.com/channel/UC-j7tR3DhEt85EM9HbvxXqA,Zeinab Harake,Daily vlogs,12.7M,Philippines,3M,219.1K,5.3K
605,#Refúgio Mental,http://youtube.com/channel/UChYkldqKWymAKTsPku_tDfg,#Refúgio Mental,MoviesAnimation,12.7M,Brazil,272K,6.4K,68
607,zeetvtelugu,http://youtube.com/channel/UC3PYGKK29qJ0zu-eEthHK4g,Zee Telugu,,12.7M,India,8K,106,2
609,01032010814,http://youtube.com/channel/UC1zZE_kJ8rQHgLTVfobLi_g,TKOR,DIY & Life Hacks,12.7M,United States,71.6K,2K,146
618,Health Time,http://youtube.com/channel/UCPMqs8vxEwbie26nFA3ykAw,Health Time,Daily vlogs,12.7M,India,2.5K,97,'N/A'
619,Vlad and Niki ESP,http://youtube.com/channel/UCZLl7vfqlRjVL4YBHGmLVvQ,Vlad and Niki ESP,,12.6M,,473.8K,3.1K,'N/A'
621,Coke Studio,http://youtube.com/channel/UCM1VesJtJ9vTXcMLLr_FfdQ,Coke Studio,Music & DanceMovies,12.5M,Pakistan,456.1K,6.4K,289
626,tseriesregional,http://youtube.com/channel/UCy2fvV-mH_4AcIgqnLg9uDw,T-Series Regional,Music & Dance,12.5M,India,4.2K,96,9
629,Crescendo com Luluca,http://youtube.com/channel/UCnrGkE2AmBAv6Vxj6kjf1jg,Crescendo com Luluca,Toys,12.5M,Brazil,1.1M,50.5K,4.3K
631,canalparafernalha,http://youtube.com/channel/UCddYq41_tZ1FnLlguLT6-Ow,Parafernalha,,12.5M,Brazil,36.5K,3.1K,13
633,Infobells Bangla,http://youtube.com/channel/UCAWuV9ZZ0itI3WR-JHWIUNQ,Infobells Bangla,Education,12.5M,,147.8K,704,'N/A'
641,GoldClassics,http://youtube.com/channel/UCvUctuMp58UD_kQtcWcNCjw,Goldmines Premiere,,12.5M,,12.5K,222,'N/A'
644,RayWilliamJohnson,http://youtube.com/channel/UCGt7X90Au6BV8rf49BiM6Dg,Ray William Johnson,AnimationHumor,12.5M,United States,2.8M,265.9K,1.7K
645,rebeccazamolo1,http://youtube.com/channel/UCfw8x3VR-ElcaWW2Tg_jgSA,Rebecca Zamolo,Video gamesHumor,12.5M,United States,4.1M,70.8K,5.9K
646,Brawl Stars,http://youtube.com/channel/UCooVYzDxdwTtGYAkcPmOgOw,Brawl Stars,Animation,12.5M,United States,6.5M,324K,17.4K
648,TalkingAngelaCat,http://youtube.com/channel/UCPcynnZcILjm0e2aaaTuCjw,Talking Angela,Music & Dance,12.5M,United States,122.6K,2.8K,138
654,disneyjunior,http://youtube.com/channel/UCNcdbMyA59zE-Vk668bKWOg,Disney Junior,Music & Dance,12.3M,,124.2K,362,'N/A'
659,Gibby :),http://youtube.com/channel/UCY62oxtmOKk5-JLJOXBMWnA,Gibby :),Movies,12.3M,Mexico,288.4K,12.2K,1.2K
660,LittleBabyBumEspanol,http://youtube.com/channel/UCHicabXz9rUMWLcdMqBtbxQ,Little Baby Bum en Español,Education,12.3M,,79.4K,'N/A','N/A'
662,1veritasium,http://youtube.com/channel/UCHnyfMqiRRG1u-2MsSQLbXA,Veritasium,Science & Technology,12.3M,United States,3.3M,175.7K,17.7K
664,OficialPeppa,http://youtube.com/channel/UCvD9GB-E4q_TuMpwUtFBhLA,Peppa Pig em Português Brasil - Canal Oficial,MoviesAnimation,12.3M,,323.3K,3.2K,'N/A'
665,JOJO TV - Hindi Stories,http://youtube.com/channel/UCAXe-dTMWRcqDdt5pYLwHCA,JOJO TV - Hindi Stories,,12.2M,India,100.6K,713,'N/A'
666,My Mate Nate,http://youtube.com/channel/UC7rtE7hSTaC8xDf5v_7O1qQ,My Mate Nate,,12.1M,Thailand,1.6M,52.7K,1.1K
668,KompasTVNews,http://youtube.com/channel/UC5BMIWZe9isJXLZZWPWvBlg,KOMPASTV,News & Politics,12.1M,Indonesia,6.2K,48,13
673,FIFATV,http://youtube.com/channel/UCpcTrCXblq78GZrTUTLWeBw,FIFA,Sports,12.1M,United States,46.3K,1.9K,62
674,whoisjimmy,http://youtube.com/channel/UC5f5IV0Bf79YLp_p9nfInRA,How Ridiculous,Video games,12.1M,United States,3.1M,84.7K,2.9K
678,NormanFaitDesVideos,http://youtube.com/channel/UCww2zZWg4Cf5xcRKG-ThmXQ,NORMAN FAIT DES VIDÉOS,MoviesAnimation,12.1M,France,500.8K,35.9K,307
679,TheDaniRep,http://youtube.com/channel/UCHIwQiZhIn6fm5b_IilqBbQ,DaniRep | +6 Vídeos Diarios De GTA 5 Online!,AnimationVideo games,12.1M,Mexico,134.2K,8.7K,159
680,Troom Troom India,http://youtube.com/channel/UCwP0n9or789Y33-JNNe-tlA,Troom Troom India,,12.1M,India,207.4K,1.6K,24
681,Come Play With Me,http://youtube.com/channel/UCQ00zWTLrgRQJUb8MHQg21A,Come Play With Me,Toys,12.1M,,3.2M,'N/A','N/A'
689,Ice Cream Rolls,http://youtube.com/channel/UCAon55hNT6ESbdQ5y1hRWTA,Ice Cream Rolls,,11.9M,United States,51.6K,2K,96
691,KaKa Kids TV - Nursery Rhymes Kids Animated Songs,http://youtube.com/channel/UCmS8VxPXxv4ToYpw0Yc2PQA,KaKa Kids TV - Nursery Rhymes Kids Animated Songs,,11.9M,,3.6K,15,'N/A'
693,YairAuriazul,http://youtube.com/channel/UCXH1p4gixwXwrUGSx-WvLNQ,Yair17,MoviesAnimation,11.9M,Mexico,474.8K,68.3K,1.4K
694,colinfurze,http://youtube.com/channel/UCp68_FLety0O-n9QU6phsgw,colinfurze,Video games,11.9M,United States,1.7M,104.3K,9.4K
698,Panda,http://youtube.com/channel/UCj0sKQk9qjiIfNH22ZBWpxw,Panda,AnimationToys,11.9M,India,572.2K,67.3K,1K
701,jordanmatter,http://youtube.com/channel/UCKaCalz5N5ienIbfPzEbYuA,Jordan Matter,Music & DanceHumor,11.9M,United States,11.5M,180.6K,23.6K
703,RaptorGamer,http://youtube.com/channel/UCS4OZlj8753fezBtH62TRDg,RaptorGamer,AnimationVideo games,11.9M,Mexico,868.3K,39.7K,865
704,CHHOTU KI MASTI,http://youtube.com/channel/UCPNH75wRbz-cO-W8732981A,CHHOTU KI MASTI,,11.9M,India,2.3M,20.4K,376
705,htbhakti,http://youtube.com/channel/UC3oQ1986eLZ4MhyPBiu54PA,Sonotek Bhakti,Music & Dance,11.9M,India,28.5K,210,40
708,NichLmao,http://youtube.com/channel/UC6VAIqNQBc7ggiqvsOHOBqw,NichLmao,Daily vlogs,11.8M,United States,4.9M,353.7K,2.6K
709,TastyCompot,http://youtube.com/channel/UC0cWWruNMb95iCBEOzPnjRA,Compot,Video games,11.8M,Russia,1.2M,56.9K,2.2K
710,MBCMASR,http://youtube.com/channel/UCnFKsbAof9fRv614I4wJX_w,MBC مصر,,11.7M,Egypt,2K,25,1
711,geonews,http://youtube.com/channel/UC_vt34wimdCzdkrzVejwX9g,Geo News,News & Politics,11.7M,Pakistan,3.8K,53,6
715,FrontaL Gaming,http://youtube.com/channel/UCW6fcXU68QShoXPkxnPxATw,FrontaL Gaming,MoviesAnimation,11.7M,,190.9K,13.1K,635
717,MORGENSHTERN,http://youtube.com/channel/UCWnqnojAgMdN0fQpr_xByJw,MORGENSHTERN,Music & DanceMovies,11.7M,Russia,1.5M,109.2K,7.7K
719,Nat and Essie,http://youtube.com/channel/UCzIdYMdAtTsWucGCZyZvN6w,Nat and Essie,Toys,11.7M,United States,25.6K,259,'N/A'
720,Dani Russo Tv,http://youtube.com/channel/UCgdnrd2Ae_H07_N8j1l18Xw,Dani Russo Tv,AnimationHumor,11.7M,,18.1K,1.9K,282
723,Technology Gyan,http://youtube.com/channel/UC1tVU8H153ZFO9eRsxdJlhA,Technology Gyan,,11.7M,India,582.9K,39.9K,1.6K
724,luansantanaoficial,http://youtube.com/channel/UC6rwiIxv0w2fbmmr66wl1rA,Luan Santana,Music & Dance,11.7M,Brazil,9.8M,83.4K,3.8K
726,Ajay Sharma,http://youtube.com/channel/UCthYQycNvy1TfeTzzR4S2dA,Ajay Sharma,,11.7M,India,1.4M,83.8K,195
727,eltreceok,http://youtube.com/channel/UC0DM_mHV2u6dj8ig51GkQwg,El Trece,News & Politics,11.7M,,5.8K,53,15
731,Garena Free Fire LATAM,http://youtube.com/channel/UC1ZPgKGxaT5P7QKN_bk9xkw,Garena Free Fire LATAM,,11.7M,Mexico,459.7K,3.1K,170
736,lokdhuntv,http://youtube.com/channel/UCjb5iAXrj1D6NjHJYvDGw7w,Wave Music Bhakti ,Music & Dance,11.5M,,6.6K,153,11
738,E-MasterSensei,http://youtube.com/channel/UC3osN7-7XJq3NEoKZIUUx0w,E-MasterSensei,MoviesVideo games,11.5M,Mexico,989.6K,65.7K,3.4K
739,Jamuna TV,http://youtube.com/channel/UCN6sm8iHiPd0cnoUardDAnw,Jamuna TV,News & Politics,11.5M,Bangladesh,33.9K,925,61
740,kidstvindia,http://youtube.com/channel/UCZbTuDplLcBb4bTHa_-5_UA,Kids TV India Hindi Nursery Rhymes,Education,11.5M,,165.9K,1.1K,'N/A'
743,hoiitsroi,http://youtube.com/channel/UCNdqe5zJ6k-i7XKoYWA4Z2g,Wassabi,MoviesHumor,11.5M,United States,73.6K,3.8K,373
746,MTV2,http://youtube.com/channel/UCrkzfc2yf-7q6pd7EtzgNaQ,Wild 'N Out,Music & DanceHumor,11.5M,United States,256.7K,6.7K,205
748,Tiana,http://youtube.com/channel/UC6sSkkemzPjmrzS0Y0V_2zw,Tiana,Video gamesHumor,11.5M,United Kingdom,207.1K,5.3K,476
750,Луномосик,http://youtube.com/channel/UCdKEBeInDzinQ6MG2HkF7Gw,Луномосик,Video games,11.5M,Russia,2.1M,68.8K,2.9K
751,الجانب المُشرق | Bright Side Arabic,http://youtube.com/channel/UCmYYUdR85LRVB5yT1Y7DjFA,الجانب المُشرق | Bright Side Arabic,,11.5M,Egypt,30.7K,892,51
753,CrazyRussianHacker,http://youtube.com/channel/UCe_vXdMrHHseZ_esYUskSBw,CrazyRussianHacker,AnimationToys,11.5M,United States,62.9K,2.2K,84
755,VyQwaint,http://youtube.com/channel/UCmRY4NSGK52lP_Lz11CjdYw,Vy Qwaint,Video gamesHumor,11.5M,United States,2M,38.2K,4.6K
759,YoungBoy Never Broke Again,http://youtube.com/channel/UClW4jraMKz6Qj69lJf-tODA,YoungBoy Never Broke Again,Music & Dance,11.4M,United States,5.6M,273.3K,20.4K
760,Ya - Alisa,http://youtube.com/channel/UCVbPnm-qCjH-8Yl1-k4BQkA,Ya - Alisa,,11.3M,,2.6K,16,'N/A'
762,blackeyedpeasvideo,http://youtube.com/channel/UCBFaOy1_APEXEyA6Gws_Y1g,Black Eyed Peas,Music & Dance,11.3M,United States,174.9K,8.3K,163
763,realannoyingorange,http://youtube.com/channel/UCi-5OZ2tYuwMLIcEyOsbdRA,Annoying Orange,MoviesAnimation,11.3M,United States,259.6K,8.8K,527
764,Star Casablanca | نجوم الدار البيضاء,http://youtube.com/channel/UCuvAFpR5uxoXF8G4OgKY0lQ,Star Casablanca | نجوم الدار البيضاء,Music & Dance,11.3M,Iraq,30.7K,1.6K,155
765,MashaBearUkraine,http://youtube.com/channel/UCHZcTOQMlcCmONp5Apm6qSQ,Маша та Ведмідь,Education,11.3M,,236.9K,1.3K,'N/A'
767,Biperysusamigos,http://youtube.com/channel/UCYslmQ8uJYORVagKOtejwAQ,Biper y sus Amigos,Music & DanceMovies,11.3M,,155.9K,'N/A','N/A'
768,CaptainSparklez,http://youtube.com/channel/UCshoKvlZGZ20rVgazZp5vnQ,CaptainSparklez,Video games,11.3M,United States,167.1K,17.2K,708
770,UnspeakableGaming,http://youtube.com/channel/UCKYb5XBe-5OSEgLijLSoDtw,UnspeakableGaming,Video games,11.3M,United States,581.1K,11.3K,874
773,yogawithadriene,http://youtube.com/channel/UCFKE7WVJfvaHW5q283SxchA,Yoga With Adriene,Fitness,11.3M,United States,302.4K,7.9K,395
774,Free Fire India Official,http://youtube.com/channel/UC4AB0_ectRryjCF_ugD0U8w,Free Fire India Official,Animation,11.3M,India,81.8K,7.8K,323
775,crackrockcandy,http://youtube.com/channel/UCC7tqA6lA2QRw4BdrAEKFxg,Maymo,,11.3M,United States,283.4K,1K,50
777,TV9 Bharatvarsh,http://youtube.com/channel/UCOutOIcn_oho8pyVN3Ng-Pg,TV9 Bharatvarsh,News & Politics,11.3M,India,8K,137,8
778,lucygerardi43,http://youtube.com/channel/UCCw5Xsx3WazdczGTKJdjwPQ,Luli Pampín,Music & DanceAnimation,11.3M,,840.6K,3.5K,'N/A'
779,Republic Bharat,http://youtube.com/channel/UC7wXt18f2iA3EDXeqAVuKng,Republic Bharat,News & Politics,11.3M,India,14.2K,'N/A',21
780,Magic Five,http://youtube.com/channel/UCEGfICV92gmM5w2t3gYfQDw,Magic Five,Travel,11.3M,Russia,2M,135.5K,7.5K
784,hawkrecord,http://youtube.com/channel/UCOo61v1PPAjoN2exxYAzdAw,Single Track Studio,Music & Dance,11.3M,India,1.3M,44.1K,1.8K
786,MC Divertida,http://youtube.com/channel/UCllJguE1AIxYBmZJ8NUWiHg,MC Divertida,Music & DanceMovies,11.2M,,387.7K,3.9K,'N/A'
787,MaJa Tv Hindi Stories,http://youtube.com/channel/UCfl_I6C9DGcSGmjIGUxU04Q,MaJa Tv Hindi Stories,,11.2M,India,518.7K,5.5K,110
788,ToysPlay,http://youtube.com/channel/UCdKicyl_ve5oyjasiO6njgQ,ToysPlay,AnimationToys,11.1M,,220.1K,1.2K,'N/A'
794,RapGeniusVideo,http://youtube.com/channel/UCyFZMEnm1il5Wv3a6tPscbA,Genius,Music & DanceMovies,11.1M,United States,27.1K,1.1K,140
798,chotoonz,http://youtube.com/channel/UC7e1XWjOlYy8XlNMeVxeKNg,Chotoonz TV - Funny Cartoons for Kids,,11.1M,,47.1K,'N/A','N/A'
799,comedycentral,http://youtube.com/channel/UCUsN5ZwHx2kILm84-jPDeXw,Comedy Central,MoviesHumor,11.1M,United States,31.2K,799,45
802,Emily Tube,http://youtube.com/channel/UC-0D1RlSzcvBoODCKSoLl2g,Emily Tube,AnimationToys,11.1M,,11.6K,50,'N/A'
803,Virgínia Fonseca,http://youtube.com/channel/UCsaB2VrLZrtGbum6Eo0ClbA,Virgínia Fonseca,MoviesHumor,11.1M,Brazil,554.6K,49.3K,895
805,Pari's Lifestyle,http://youtube.com/channel/UCt_KDu-DtBqvIw7X-V7mlmQ,Pari's Lifestyle,Daily vlogs,11.1M,India,1M,12.5K,603
806,bharatzkitchen HINDI,http://youtube.com/channel/UCfD08FDOGbzIxCduGKkJ0Xg,bharatzkitchen HINDI,,11.1M,India,202.1K,6.1K,243
807,prantoniojunior,http://youtube.com/channel/UCKEM87jzVqdIfAdTr0xNBfA,Pastor Antônio Júnior,Music & Dance,11.1M,Brazil,308.9K,73.1K,7.2K
808,Diana and Roma IND,http://youtube.com/channel/UCGRdNfemQ7iXpacd75SE7rA,Diana and Roma IND,,11M,,1.2M,6.5K,'N/A'
810,KapilComedyNights,http://youtube.com/channel/UCyfkoMQeJOoEt3ZhY3PI6Uw,Colors Rishtey,,10.9M,India,6.1K,73,2
811,jpgameplayfull,http://youtube.com/channel/UCYSrT9w_V_5wpEahYXTeXUw,JP Plays,Video games,10.9M,Brazil,225.2K,11.7K,170
815,Acenix,http://youtube.com/channel/UCH3h4jRKn3lJo0uORqqESPg,Acenix,Video games,10.9M,Mexico,2M,67.8K,2.3K
819,Taylor RS,http://youtube.com/channel/UCCdYYruzqbr0FdNehbUoUiw,Taylor RS,,10.9M,United States,96.9K,542,13
821,Mrwhosetheboss,http://youtube.com/channel/UCMiJRAwDNSNzuYeN2uWa0pA,Mrwhosetheboss,Science & Technology,10.9M,United States,3M,152K,8.5K
824,Doja Cat,http://youtube.com/channel/UCzpl23pGTHVYqvKsgY0A-_w,Doja Cat,Music & Dance,10.9M,United States,615K,36.9K,1.2K
826,doctruyencotich,http://youtube.com/channel/UC6eq3sR4CtbvGdmInchzWUA,Kênh Thiếu Nhi - BHMEDIA,Music & DanceAnimation,10.9M,United States,13.4K,49,'N/A'
827,videogyan,http://youtube.com/channel/UCs0upBDG-dCAxy8_VDPE5XA,Videogyan Nursery Rhymes - Kids Songs & Cartoons,Animation,10.9M,,58.7K,269,'N/A'
828,Área Secreta,http://youtube.com/channel/UCcFgREmujdPHvA7I_VOmgIA,Área Secreta,Movies,10.9M,Brazil,136.5K,23.5K,1.3K
831,Flowers Comedy,http://youtube.com/channel/UCmAPdImtXLGh5E-lTTH4Qmg,Flowers Comedy,,10.9M,India,160.3K,2.2K,192
834,Flamingo,http://youtube.com/channel/UCm-X6o81nRsXQTmqpyArkBQ,Flamingo,AnimationVideo games,10.9M,United States,2M,68.7K,7.5K
835,penguinz0,http://youtube.com/channel/UCq6VFHwMzcMXbuKyG7SQYIg,penguinz0,AnimationVideo games,10.8M,United States,1.2M,58.6K,3.1K
839,sagahits,http://youtube.com/channel/UCuFwzKrS0wE43CSkyaHBGiQ,SagaHits,Music & Dance,10.7M,India,283.7K,6.7K,102
840,NEXT9NEWS हर खबर आप तक,http://youtube.com/channel/UCRNmk0RhyeoHOgcB5xxgqBw,NEXT9NEWS हर खबर आप तक,News & Politics,10.7M,India,2.7K,20,1
841,telugufilmnagar,http://youtube.com/channel/UCintIUOJEktQBfhEI9XXpuw,Telugu Filmnagar,,10.7M,India,3K,54,1
842,Jessica Jane,http://youtube.com/channel/UCFuM3BWlLM3YbLjkXBiJ8-A,Jessica Jane,Food & Drinks,10.7M,Indonesia,1.5M,65.9K,1.8K
843,Golemcito Games,http://youtube.com/channel/UC6Ij1c74Gm-TicYZsKL1FAw,Golemcito Games,MoviesAnimation,10.7M,Peru,1.8M,182.8K,4.2K
844,TWO SIDE GAMERS,http://youtube.com/channel/UCiDikVE7Y4_KpQwsxarj38g,TWO SIDE GAMERS,,10.7M,India,899.8K,83.5K,4.8K
846,Slogomanify,http://youtube.com/channel/UCHdMK5Ef2El8KbD3L_WgANg,Slogo,Video games,10.7M,United States,273.8K,12.4K,468
847,Vox,http://youtube.com/channel/UCLXo7UDZvByw2ixzpQCufnA,Vox,News & Politics,10.7M,United States,1.3M,32.7K,656
849,Google,http://youtube.com/channel/UCK8sQmJBp8GCxrOtXWBpyEA,Google,,10.7M,United States,2.3M,433,55
851,GoProCamera,http://youtube.com/channel/UCqhnX4jA0A5paNd1v-zEysw,GoPro,Sports,10.7M,United States,36.3K,1.4K,43
854,Nao FunFun,http://youtube.com/channel/UCS3VJQpFmLbBd5qsWci9KPA,Nao FunFun,Daily vlogs,10.7M,United States,5.6K,47,3
855,Ceylin - H Official,http://youtube.com/channel/UC_klp3SfMIWQHK0Q0HWKJuA,Ceylin - H Official,Music & Dance,10.7M,Turkey,20.2K,'N/A','N/A'
856,stampylonghead,http://youtube.com/channel/UCj5i58mCkAREDqFWlhaQbOw,stampylonghead,Video games,10.7M,United States,114.1K,5.8K,1.1K
857,Rachit Rojha,http://youtube.com/channel/UCwBlZvRTu3vasTWUE9U5wPw,Rachit Rojha,,10.7M,India,0,'N/A','N/A'
859,Captain Watch Hits,http://youtube.com/channel/UCG_rbseeLwlrNVJg-p4M3rA,Captain Watch Hits,,10.6M,India,22.7K,164,6
860,Ben Azelart,http://youtube.com/channel/UCwVg9btOceLQuNCdoQk9CXg,Ben Azelart,Video gamesHumor,10.6M,United States,9M,236.9K,14.4K
863,tomiii 11,http://youtube.com/channel/UCzFJ9ZkjYpxWTSqX9cVXj4g,tomiii 11,Daily vlogs,10.5M,Mexico,147K,19.2K,3.1K
866,Kids smile TV,http://youtube.com/channel/UCHia02_AKmqXtxsDxrYOxow,Kids smile TV,MoviesToys,10.5M,,151.9K,930,'N/A'
867,rangeldovine,http://youtube.com/channel/UCNmBUECIkUyPr2hxIAT3vzw,Lucas Rangel,,10.5M,Brazil,36.1K,3.2K,28
869,Vlad and Niki PRT,http://youtube.com/channel/UCiuZ9qRr3mrykNmWcAPmJ0w,Vlad and Niki PRT,,10.5M,,1M,'N/A','N/A'
870,francinyehlke,http://youtube.com/channel/UCoTM-vvs2hnv2mCvzNJ5uXA,Franciny Ehlke,FashionDesign/art,10.5M,Brazil,202.4K,22.4K,1.3K
877,BuzzFeedYellow,http://youtube.com/channel/UCay_OLhWtf9iklq8zg_or0g,As/Is,Daily vlogs,10.5M,United States,13.9K,582,25
878,ChillStepNation,http://youtube.com/channel/UCM9KEEuzacwVlkt9JfJad7g,Chill Nation,Music & Dance,10.5M,United States,34.7K,933,46
880,Milena Stepanienco - MILENINHA,http://youtube.com/channel/UCMQGjL7ft6aNLKPp5xN-P3A,Milena Stepanienco - MILENINHA,MoviesAnimation,10.5M,Brazil,709.7K,5K,'N/A'
881,قناة وناسة -  Wanasah TV,http://youtube.com/channel/UCiRfBu1ymNpygUgpvGzVr_w,قناة وناسة -  Wanasah TV,Music & Dance,10.5M,,1.4M,11.1K,'N/A'
884,SaraBeautyCorner,http://youtube.com/channel/UC0YvTCy1I4_a-3pn47_5DBA,"SaraBeautyCorner - DIY, Comedy, Makeup, Nail Art",DIY & Life Hacks,10.5M,United States,72K,4.2K,104
885,LA DIVAZA,http://youtube.com/channel/UCY_37NEvihrX3Te637OTxOg,LA DIVAZA,Music & DanceHumor,10.5M,Mexico,995.7K,83.2K,2.4K
886,CJENMMUSIC,http://youtube.com/channel/UC_pwIXKXNm5KGhdEVzmY60A,Stone Music Entertainment,Music & DanceMovies,10.5M,United States,5.8K,460,20
888,Primitive Technology,http://youtube.com/channel/UCAL3JXZSzSm8AlZyD3nQdBA,Primitive Technology,DIY & Life Hacks,10.5M,United States,2.3M,146.3K,8.3K
889,Goldmines Housefull,http://youtube.com/channel/UC2aBjYYDkwN5LLSB8957KZQ,Goldmines Housefull,,10.5M,,23K,'N/A','N/A'
892,Cris Devil Gamer,http://youtube.com/channel/UCd0neB_LB1xpwIYDetX2qTg,Cris Devil Gamer,MoviesAnimation,10.5M,United States,499.6K,15.1K,385
893,ctctv,http://youtube.com/channel/UCdmauIL-k-djcct-yMrf82A,СТС,Video gamesHumor,10.5M,Russia,78.4K,640,30
894,RDCGujarati,http://youtube.com/channel/UCuB7zkQVpcPKzHYJn45vM9w,RDC Gujarati,Music & Dance,10.5M,India,27.6K,1.2K,19
896,ChuChuTV Hindi,http://youtube.com/channel/UCbH4Ii9Htdqc-QgxoV3M0Qw,ChuChuTV Hindi,Education,10.4M,,66.5K,364,'N/A'
898,historychannel,http://youtube.com/channel/UC9MAhZQQd9egwWCxrwSIsJQ,HISTORY,Movies,10.3M,United States,59.5K,1.3K,148
900,WAMIndiaMovies,http://youtube.com/channel/UCt7_pnSRPKU3bu2GqmgH8gQ,Wamindia Movies,,10.3M,India,7.8K,65,4
901,lincolnvelasquez,http://youtube.com/channel/UC73zqrs0Th_a9dFUivEmv2A,Cong TV,,10.3M,Philippines,3.9M,223.1K,7.3K
903,atv,http://youtube.com/channel/UCUVZ7T_kwkxDOGFcDlFI-hg,atv,MoviesAnimation,10.3M,Turkey,13.4K,118,8
907,KiKiDo,http://youtube.com/channel/UCWGK2_WVaXWv-QrkgT9-KDw,KiKiDo,Video gamesHumor,10.3M,Russia,3.4M,81.3K,2.9K
910,Hindi Kahaniya,http://youtube.com/channel/UCv2fH7qjvBKoc6v0s2bVVBg,Hindi Kahaniya,,10.3M,India,63.6K,1K,23
912,0214mex,http://youtube.com/channel/UCgMPP6RRjktV7krOfyUewqw,はじめしゃちょー（hajime）,Music & DanceHumor,10.3M,Japan,1.7M,36.8K,1.4K
913,Toymong tv 토이몽TV,http://youtube.com/channel/UC0vDCy8moGUhR7kRL19wWpw,Toymong tv 토이몽TV,,10.3M,,30.1K,262,'N/A'
915,Rawan and Rayan,http://youtube.com/channel/UCPvLEc3la6Q2MdlCXzKRRPg,Rawan and Rayan,,10.3M,Algeria,1.3M,81K,4.6K
916,Hindi Fairy Tales,http://youtube.com/channel/UCsyoNsqE37tZIkuvqVPTa7g,Hindi Fairy Tales,,10.3M,India,328.1K,5.9K,'N/A'
918,Sab Kuchh Sekho Jano,http://youtube.com/channel/UCFSwJWimyZf2nGhorMtigrw,Sab Kuchh Sekho Jano,News & Politics,10.3M,India,18.6K,1K,47
919,Peppa Pig Hindi,http://youtube.com/channel/UCF9IpcBgYvMS3GKkM_xwiqA,Peppa Pig Hindi,Education,10.2M,,309.3K,2.5K,'N/A'
920,5-Minute Crafts LIKE,http://youtube.com/channel/UCzTWHWnJ6VIcbkpqyv7_FaQ,5-Minute Crafts LIKE,,10.2M,United States,18.5K,164,5
921,Lorrayne Oliveira,http://youtube.com/channel/UC--FL6OwLFWGIZfLfazY4yA,Lorrayne Oliveira,AnimationHumor,10.2M,Brazil,667.3K,30.1K,1.1K
922,NASAtelevision,http://youtube.com/channel/UCLA_DiR1FfKNvjuUpBHmylQ,NASA,News & PoliticsScience & Technology,10.1M,United States,76.3K,3.4K,'N/A'
924,Receitas de Pai,http://youtube.com/channel/UCF5WzS-iBJRfp_EcFI-GT1w,Receitas de Pai,Food & Drinks,10.1M,Brazil,100.1K,12.3K,312
929,Hindi Countdown,http://youtube.com/channel/UCk3GTZAJ3PLrVaz3qR74EcA,Hindi Countdown,Education,10.1M,India,4.8M,88.5K,1.9K
932,вДудь,http://youtube.com/channel/UCMCgOm8GZkHp8zJ6l7_hIuA,вДудь,News & Politics,10.1M,Russia,7.7M,280.8K,35.7K
935,Ryan Trahan,http://youtube.com/channel/UCnmGIkw-KdI0W5siakKPKog,Ryan Trahan,Humor,10.1M,United States,6.3M,299.5K,20.5K
936,BBCArabicNews,http://youtube.com/channel/UCelk6aHijZq-GJBBB9YpReA,BBC News عربي,News & Politics,10.1M,Morocco,21.3K,407,137
937,TomorrowlandChannel,http://youtube.com/channel/UCsN8M73DMWa8SPp5o_0IAQQ,Tomorrowland,Music & Dance,10.1M,Brazil,17.8K,811,49
938,MTV,http://youtube.com/channel/UCxAICW_LdkfFYwTqTHHE0vg,MTV,Music & DanceMovies,10.1M,United States,70.9K,2.2K,77
940,Luan Palomera,http://youtube.com/channel/UCUl-2o1dLbH_GCoU_B_1tsg,Luan Palomera,,10.1M,Mexico,887.1K,64.2K,1.7K
941,Marta and Rustam,http://youtube.com/channel/UCm-Qr3k89gtXcuv2jL29XFw,Marta and Rustam,,10.1M,India,4.1M,105.4K,145
942,PineappleStormTV,http://youtube.com/channel/UCqrFwa5vueOTzGZ7NSlnvlQ,PineappleStormTV,Music & Dance,10.1M,Brazil,308.4K,38.1K,1.1K
943,Christian Nodal,http://youtube.com/channel/UCtqOng3GVhQVu1Gl-3UlyAQ,Christian Nodal,Music & Dance,10.1M,Mexico,0,'N/A','N/A'
945,RUOK,http://youtube.com/channel/UC9FL0_4gUAQJLVmlExjx1Xw,RUOK,,10.1M,Brazil,878.9K,88.2K,5.5K
948,5-Minute Recipes,http://youtube.com/channel/UCkqaQoGJ2rAHhWk7gzsb9Aw,5-Minute Recipes,,10.1M,India,61.8K,668,16
949,Dynamo Gaming,http://youtube.com/channel/UCqNH56x9g4QYVpzmWTzqVYg,Dynamo Gaming,,10.1M,India,288.6K,39K,220
951,Talent Recap,http://youtube.com/channel/UCSWwb_YyNB8vuC1VDcfPPaQ,Talent Recap,Music & DanceMovies,10.1M,United States,77.8K,1K,72
953,BERTH-OH,http://youtube.com/channel/UC2IDkGu61j_mwNJOc54Sb5w,BERTH-OH,Autos & Vehicles,10.1M,Mexico,503.6K,25.1K,629
954,Patty Mayo,http://youtube.com/channel/UCEYLdM2bdhmw-TS3c0TjFNw,Patty Mayo,MoviesHumor,10.1M,United States,413.4K,16.5K,533
956,singkingkaraoke,http://youtube.com/channel/UCwTRjvjVge51X-ILJ4i22ew,Sing King,Music & Dance,10.1M,United States,17.4K,151,20
957,설기양SULGI,http://youtube.com/channel/UCIafb9ExBkh4WsCOagZssZA,설기양SULGI,ASMRFood & Drinks,10M,United States,883.7K,20.3K,584
958,Nickelodeon,http://youtube.com/channel/UC5M_h2S8Ldoc9M6f7B-_m6A,Nickelodeon,MoviesAnimation,10M,,74.9K,826,'N/A'
960,timesmusicindia,http://youtube.com/channel/UCo07fumrTn1w4AxcU4j_uDw,Times Music,Music & Dance,10M,India,14.2K,569,29
964,mamilosmolengas,http://youtube.com/channel/UC607Gii1uo93qDqiGR6-c3w,Mussoumano,Music & DanceAnimation,10M,Brazil,961.8K,45.9K,2.5K
972,MBCkpop,http://youtube.com/channel/UCe52oeb7Xv_KaJsEzcKXJJg,MBCkpop,Music & Dance,9.9M,Malaysia,10.9K,1.2K,78
975,ChuChuTV Español,http://youtube.com/channel/UCBbsyG0o_cWlyY46ZRSdYJg,ChuChuTV Español,Toys,9.9M,,36.6K,140,'N/A'
979,مصطفى GAME OVER,http://youtube.com/channel/UC3CFqU4KlktVPPJ1Km87pRg,مصطفى GAME OVER,,9.9M,Iraq,765.2K,98.9K,6.7K
980,htv2channel,http://youtube.com/channel/UCkna2OcuN1E6u5I8GVtdkOw,Vie Channel - HTV2,Music & Dance,9.9M,United States,21.5K,132,7
981,hasanjr11,http://youtube.com/channel/UCgqAMw2V_Ddy4SfmovUTh8Q,hasanjr11,,9.8M,Indonesia,6.9K,553,24
982,Raditya Dika,http://youtube.com/channel/UC0rzsIrAxF4kCsALP6J2EsA,Raditya Dika,Food & Drinks,9.8M,Indonesia,489.9K,23.2K,1.1K
983,Prince Royce,http://youtube.com/channel/UCAMpOm4QAk15tLyjuBNtQyg,Prince Royce,Music & Dance,9.8M,United States,1.1M,19.1K,441
986,TeremokSongs,http://youtube.com/channel/UCqZZoXlUEki3H7_GCQrw53A,Теремок - Песенки для детей,Music & Dance,9.8M,Russia,185.1K,1.1K,'N/A'
987,IniTalkShow,http://youtube.com/channel/UCo1CFjot3CX97sn_ngJnGPg,Ini Talk Show,Music & DanceHumor,9.8M,Indonesia,18.6K,430,36
989,Eagle Home Entertainments,http://youtube.com/channel/UCy-AB5ehLFqh1FtCVIH4Q3A,Eagle Home Entertainments,,9.8M,India,937,7,'N/A'
991,The Voice Global,http://youtube.com/channel/UCJYtYkiGldqX6Ne938j-k2g,The Voice Global,Music & Dance,9.8M,United States,284K,6K,128
1000,BIBI,http://youtube.com/channel/UCF5VmU9N3sqqVe-F6E4gewg,BIBI,MoviesAnimation,9.7M,,28.2K,3.7K,131
